1791739969	assets/AITableInsightDialog.DdErOb_j.css
1791739969	assets/AITableInsightDialog.DlGfpUDl.js
1791739969	assets/AccessAudit.CwJTCw4f.css
1791739969	assets/AccessAudit.U-zR-BaR.js
1791739969	assets/ActivityLogDetail.Bm21KHQm.js
1791739969	assets/ActivityLogDetail.DpQ52_B9.css
1791739969	assets/ActivityLogs.BD3VZnMB.js
1791739969	assets/ActivityLogs.CVViMtOx.css
1791739969	assets/AdvanceSettings.CRPt0Z2u.js
1791739969	assets/AdvanceSettings.PRA9risT.css
1791739969	assets/AdvancedWorkflowVariables.BPLHebBt.css
1791739969	assets/AdvancedWorkflowVariables.BcAhDXiQ.js
1791739969	assets/AgentWizard.CLf077J5.js
1791739969	assets/AgentWizard.CmyxjH0x.css
1791739969	assets/Analytics.Bg24Rx1P.css
1791739969	assets/Analytics.DkcN762C.js
1791739969	assets/AnalyticsDashboard.CdstjXc5.js
1791739969	assets/AnalyticsDashboard.CvDKagUK.css
1791739969	assets/ApiLicenses.ESAcv-29.js
1791739969	assets/ApiLicenses.yFhJtGtv.css
1791739969	assets/AppIndex.EyRGv6p1.css
1791739969	assets/AppIndex.M9DHJ2dl.js
1791739969	assets/AssigneeChip.BPesWHF0.css
1791739969	assets/AssigneeChip.YqlWzmcR.js
1791739969	assets/AssigneePicker.B4CRjZXz.js
1791739969	assets/AssigneePicker.CQcc4yJ8.css
1791739969	assets/AssistantActionCard.CrnLArZQ.css
1791739969	assets/AssistantActionCard.Db4Ptjsu.js
1791739969	assets/AssistantWindowLayout.TkY7_PsJ.css
1791739969	assets/AssistantWindowLayout.sCEa1v_g.js
1791739969	assets/Auth.CYqjiucg.css
1791739969	assets/Auth.Dcm42Sal.js
1791739969	assets/BackToSettings.Bucw2Zct.js
1791739969	assets/Background.Bj-TBXd9.png
1791739969	assets/CacheManagement.Dhm53gcB.js
1791739969	assets/CardSDK.BI347EjG.js
1791739969	assets/CardSDK.CBajplpP.css
1791739969	assets/Classification.CXWYwewh.js
1791739969	assets/ClassifyExtract.BvGy5l_4.js
1791739969	assets/ClassifyExtract.DDTo8sGu.css
1791739969	assets/CodeEditor.C50ywsq2.js
1791739969	assets/CodeEditor.D5DX42vQ.css
1791739969	assets/ColorGenerator.DoLhn7Pv.js
1791739969	assets/ColumnFilterBadges.B_TyOhbm.js
1791739969	assets/ConditionGroup.CZm9DYT0.css
1791739969	assets/ConditionGroup.RxSzui4m.js
1791739969	assets/ConfirmDialog.CddBmMT3.js
1791739969	assets/Create-Custom-Column.Dymd2YWi.js
1791739969	assets/Create.D37GU9xC.js
1791739969	assets/Create.D59a7nNK.js
1791739969	assets/Create.DCS4p1lZ.css
1791739969	assets/Create.DVovid1I.js
1791739969	assets/Create.DfjJGasV.js
1791739969	assets/Create.RmQWGUx0.css
1791739969	assets/Create.uPH4B9mK.css
1791739969	assets/CreateBtn.B1QuGY9F.js
1791739969	assets/CreateGroup.BRi4tBPk.css
1791739969	assets/CreateGroup.oCS_hfSN.js
1791739969	assets/Dashboard.ByAnuFzV.js
1791739969	assets/Dashboard.CE4MSq8m.js
1791739969	assets/Dashboard.DKCyvjGf.css
1791739969	assets/Dashboard.Ds6bQaoa.css
1791739969	assets/DashboardHelper.DbSvWJcD.js
1791739969	assets/Data-Synchronization.D7Wg_Zxk.js
1791739969	assets/Data-Synchronization.DCKPBeyE.css
1791739969	assets/DefaultFields.CDbnBDCA.js
1791739969	assets/DefaultFields.DCI11l8q.css
1791739969	assets/DeploymentStatusPage.DRF2_Ry7.js
1791739969	assets/DeploymentStatusPage.Dqk5ZdWw.css
1791739969	assets/Detail.BSOUkSsl.js
1791739969	assets/Detail.CSB-Jfvz.js
1791739969	assets/Detail.D_AB_-4E.css
1791739969	assets/Detail.DeBeAVWe.css
1791739969	assets/Detail.Dpvr1s-P.js
1791739969	assets/Detail.Ix4i23Fh.css
1791739969	assets/DialogDraggable.BpE5Aj4j.css
1791739969	assets/DialogDraggable.CUcQscJq.js
1791739969	assets/DisplayInfoBtn.6NFQWOJO.css
1791739969	assets/DisplayInfoBtn.DganmCHo.js
1791739969	assets/DocBitsTable.CMnJ7m8W.js
1791739969	assets/DocBitsTable.COLBUm6N.css
1791739969	assets/DocNetActivities.ClF8nm2b.js
1791739969	assets/DocNetActivities.O5uRGNal.css
1791739969	assets/DocNetAgentList.C1IDm9oz.js
1791739969	assets/DocNetAgentList.CiuNmH3j.css
1791739969	assets/DocNetAgentProfile.BpEk2JjB.css
1791739969	assets/DocNetAgentProfile.e4x4hlkt.js
1791739969	assets/DocNetDashboard.DGon3-OR.js
1791739969	assets/DocNetDashboard.w-T_Gt7q.css
1791739969	assets/DocNetEmail.C2VjzdZS.css
1791739969	assets/DocNetEmail.CZ_4jXFP.js
1791739969	assets/DocNetInbox.DHsRf7U9.css
1791739969	assets/DocNetInbox.DSFR3MRf.js
1791739969	assets/DocNetIntegrationService.DUIraHUE.js
1791739969	assets/DocNetIssueCreate.NFEa2FJ8.css
1791739969	assets/DocNetIssueCreate.g5C1wlL3.js
1791739969	assets/DocNetIssueDetail.C6FsxYXS.js
1791739969	assets/DocNetIssueDetail.D5JQa1Zm.css
1791739969	assets/DocNetIssueList.BezPvy3l.js
1791739969	assets/DocNetIssueList.D4Mzkgwq.css
1791739969	assets/DocNetLayout.CYmsK8TQ.js
1791739969	assets/DocNetLayout.D-lo8drH.css
1791739969	assets/DocNetMissionDetail.B2KVm0oT.js
1791739969	assets/DocNetMissionDetail.CkRFhppH.css
1791739969	assets/DocNetMissionList.C9wJbKLU.js
1791739969	assets/DocNetMissionList.Dwq_q-wO.css
1791739969	assets/DocNetMissionTimeline.BDn5jxDC.js
1791739969	assets/DocNetMissionTimeline.CqYVrkMj.css
1791739969	assets/DocNetOrgChart.BIyG4wgp.css
1791739969	assets/DocNetOrgChart.CD3-dZwR.js
1791739969	assets/DocNetProjectDetail.CZLTCXeu.js
1791739969	assets/DocNetProjectDetail.DD9qHSBD.css
1791739969	assets/DocNetProjectList.ZQbu3KbL.css
1791739969	assets/DocNetProjectList.v-sXUaMU.js
1791739969	assets/DocNetRunDetail.DRyxKiqr.css
1791739969	assets/DocNetRunDetail.Dd16x-EW.js
1791739969	assets/DocNetSettings.CSh4hU1R.css
1791739969	assets/DocNetSettings._ZouF4ob.js
1791739969	assets/DocbitsAccordionPanel.c9NwON9i.js
1791739969	assets/Document-Classifiy.CSi-CA7u.js
1791739969	assets/Document-Classifiy.CeIa0KJj.css
1791739969	assets/Document-Error.6yAbXPuR.js
1791739969	assets/Document-Error.BUSOFCeO.css
1791739969	assets/Document-Pdf.h_MDbecG.js
1791739969	assets/DocumentFooter.BUEfs1eO.css
1791739969	assets/DocumentFooter.Bd6DnEjX.js
1791739969	assets/DocumentLock.DgE1po_t.css
1791739969	assets/DocumentLock.bkT_0VXW.js
1791739969	assets/DocumentLogs.B21T6RVM.js
1791739969	assets/DocumentLogs.Cz4Qn_Ov.css
1791739969	assets/DuplicateDlalog.D6p5Ak9i.css
1791739969	assets/DuplicateDlalog.zzobO5GC.js
1791739969	assets/EdiIcon.BmkSXeRX.js
1791739969	assets/EdiIcon.D9F41A4G.css
1791739969	assets/Edit.171RUDFK.js
1791739969	assets/Edit.BE_AG3kv.js
1791739969	assets/Edit.BxEB8HDd.css
1791739969	assets/Edit.DECHW003.css
1791739969	assets/EditOrCreateBtn.C9kmLZ-8.js
1791739969	assets/Error404.DThML-Oh.js
1791739969	assets/ErrorDocumentView.CmY1IBOr.css
1791739969	assets/ErrorDocumentView.ka413oEn.js
1791739969	assets/ErrorRouteLayout.Bn6lkUwJ.js
1791739969	assets/ExtractOrigin.CKtXcM75.js
1791739969	assets/ExtractOrigin.DA_vUM9Z.css
1791739969	assets/ExtractionExplanationApiService.CMZY2jk6.js
1791739969	assets/FellowButton.BFf_l0om.js
1791739969	assets/FellowButton.DLaTeJN1.css
1791739969	assets/FellowToggle.Ca0Csm0g.css
1791739969	assets/FellowToggle.D1ocFRG9.js
1791739969	assets/FieldsSepLayout.CLEgil-7.js
1791739969	assets/FieldsSepLayout.G-B2dGlg.css
1791739969	assets/FileField.DZhZTL-z.css
1791739969	assets/FileField.lFlaEZAW.js
1791739969	assets/Footer.ZUyjver8.js
1791739969	assets/Forget-Password.D1WBAOJe.css
1791739969	assets/Forget-Password.D1XmB5kB.js
1791739969	assets/FormElemenTableOfCheckboxes.BCYWX3Rd.js
1791739969	assets/FormElemenTableOfCheckboxes.DBmyHigx.css
1791739969	assets/FormElementAIExtractedTable.B6Py98EY.css
1791739969	assets/FormElementAIExtractedTable.t9WOafoW.js
1791739969	assets/FormElementApprovalButton.DColHvNr.js
1791739969	assets/FormElementApprovalButton.QlBY8GC9.css
1791739969	assets/FormElementCheckBox.SEL-VKTJ.js
1791739969	assets/FormElementDocumentApprover.MxnPnXAR.js
1791739969	assets/FormElementExtractedTable.CYsWBk56.css
1791739969	assets/FormElementExtractedTable.qs0Kl3yi.js
1791739969	assets/FormElementExtractedTableTabPanels.CgvtZiEE.js
1791739969	assets/FormElementExtractedTableTabPanelsScreen.4c1HEkmT.js
1791739969	assets/FormElementExtractedTableTabPanelsScreen.D8wAGA7c.css
1791739969	assets/FormElementGroupDropdown.CxPohXUX.css
1791739969	assets/FormElementGroupDropdown.mD7hEukZ.js
1791739969	assets/FormElementHorizontalSeparator.CGVORgrZ.js
1791739969	assets/FormElementHorizontalSeparator.DEzSs3dp.css
1791739969	assets/FormElementLovInput.CpkF7o1x.css
1791739969	assets/FormElementLovInput.DL0UeKGB.js
1791739969	assets/FormElementNotes.CYVVQWBK.js
1791739969	assets/FormElementSecondApprover.ciS7_3V7.js
1791739969	assets/FormElementVertexPanel.B81Lo45x.css
1791739969	assets/FormElementVertexPanel.DN_3KVyU.js
1791739969	assets/FulltextSettings.UhU54Mzm.css
1791739969	assets/FulltextSettings.fuHKSAr9.js
1791739969	assets/Geist-Variable.CrgPqtmy.woff2
1791739969	assets/GoogleLogin.Bog1OE0H.css
1791739969	assets/GoogleLogin.PlLyoo3M.js
1791739969	assets/GraphExplorer.B9UiNlBf.js
1791739969	assets/GraphExplorer.CA0UNOJF.css
1791739969	assets/Groups.1DozPAtL.js
1791739969	assets/Groups.D1Hb__Qy.css
1791739969	assets/Groups_deprecated.B2mLJNpa.css
1791739969	assets/Groups_deprecated.BRrg2Qs1.js
1791739969	assets/IdeaBoard.BuY_0WOL.js
1791739969	assets/IdeaBoard.D5t34xE1.css
1791739969	assets/IgnoreTableValidation.D_ecFg3l.css
1791739969	assets/IgnoreTableValidation.DbXxoPQD.js
1791739969	assets/ImageComponent.CFwjCJ7P.js
1791739969	assets/ImageComponent.Cdfb9MjB.css
1791739969	assets/ImportLogs.0a_B6nRS.css
1791739969	assets/ImportLogs.c9D0oEou.js
1791739969	assets/InboxDropdownItem.D3FY1G9P.js
1791739969	assets/InboxDropdownItem.DxCT-0xi.css
1791739969	assets/InfoPanel.pvBALFE0.js
1791739969	assets/Infrastructure.Blo4JpE6.js
1791739969	assets/Infrastructure.J6M6bRQ3.css
1791739969	assets/InvoiceDashboardHelper.zc1tFOgX.js
1791739969	assets/IssueForm.BhYnGgqV.js
1791739969	assets/IssueForm.DtGac_r7.css
1791739969	assets/JsonEditor.Dp084tiD.js
1791739969	assets/JsonViewer.BHgPAhWl.css
1791739969	assets/JsonViewer.DDvNTVZ-.js
1791739969	assets/KFOMCnqEu92Fr1ME7kSn66aGLdTylUAMQXC89YmC2DPNWuYjalmUiAw.k1h7X_-h.woff
1791739969	assets/KFOMCnqEu92Fr1ME7kSn66aGLdTylUAMQXC89YmC2DPNWuZtalmUiAw.B7du-70m.woff
1791739969	assets/KFOMCnqEu92Fr1ME7kSn66aGLdTylUAMQXC89YmC2DPNWuaabVmUiAw.CoAZ_DKt.woff
1791739969	assets/KFOMCnqEu92Fr1ME7kSn66aGLdTylUAMQXC89YmC2DPNWub2bVmUiAw.D0406B4n.woff
1791739969	assets/KFOMCnqEu92Fr1ME7kSn66aGLdTylUAMQXC89YmC2DPNWubEbFmUiAw.CnAg2DeQ.woff
1791739969	assets/KFOMCnqEu92Fr1ME7kSn66aGLdTylUAMQXC89YmC2DPNWubEbVmUiAw.BG9VWE5v.woff
1791739969	assets/LanguageDropdown.BRR6TA84.js
1791739969	assets/LanguageDropdown.cvDvj1ZY.css
1791739969	assets/LayoutManagerImageComponent.BOqAeU5k.css
1791739969	assets/LayoutManagerImageComponent.Ca4tRwGU.js
1791739969	assets/LayoutsOverview.BaBu2LPe.js
1791739969	assets/LayoutsOverview.DijIZPUy.css
1791739969	assets/LineItemApprovalTableQuote.BaC--l1_.js
1791739969	assets/LineItemApprovalTableQuote.Cjqc1CiP.css
1791739969	assets/LineItemTable.Bf1DuuUl.css
1791739969	assets/LineItemTable.DIL5RKya.js
1791739969	assets/List.BFjnfw4k.js
1791739969	assets/List.BOLxCbPP.js
1791739969	assets/List.BfaS1nNa.js
1791739969	assets/List.Bu3h8qsP.css
1791739969	assets/List.CITjnTzc.js
1791739969	assets/List.CWAGeEn9.js
1791739969	assets/List.CXCK1--g.js
1791739969	assets/List.Cbh9iFPc.css
1791739969	assets/List.Cgmf9v8f.css
1791739969	assets/List.Cl5tQVxT.css
1791739969	assets/List.CouJjPym.js
1791739969	assets/List.Crg8Jh5v.css
1791739969	assets/List.CuR0uXZe.css
1791739969	assets/List.D0wuyaYh.css
1791739969	assets/List.DBRvKJBT.js
1791739969	assets/List.DRjA53bE.js
1791739969	assets/List.DVHtdi-i.css
1791739969	assets/List.DWcmItNF.js
1791739969	assets/List.DY_V3Zh2.css
1791739969	assets/List.Df4xgNDh.css
1791739969	assets/List.DmoLMdNe.js
1791739969	assets/List.DpRAas-B.js
1791739969	assets/List.LgYhDJt3.css
1791739969	assets/List.Xf0bQEiA.js
1791739969	assets/List.YV69XIZj.js
1791739969	assets/List.Z9tu5kns.css
1791739969	assets/List.ga7tf2Wv.css
1791739969	assets/List.iHGGmVJ0.css
1791739969	assets/List.oZJJJnp2.js
1791739969	assets/Loader.C1XB7XWB.css
1791739969	assets/Loader.ygFhJk6k.js
1791739969	assets/Log-Settings.BkE4gldm.css
1791739969	assets/Log-Settings.Cx1ax2ID.js
1791739969	assets/Login.Dee4ZEC-.css
1791739969	assets/Login.Dqt_0FC_.js
1791739969	assets/LoginAnalytics.B-0lljz4.js
1791739969	assets/LoginAnalytics.BDowjBoY.css
1791739969	assets/Main.BhG5yLpD.js
1791739969	assets/Main.WVIGlVnP.css
1791739969	assets/MainLayout.6B3yzcHU.css
1791739969	assets/MainLayout.CbvNORub.js
1791739969	assets/MasterData.CBu6GSnY.css
1791739969	assets/MasterData.CbsBzFc7.js
1791739969	assets/MasterDataLookup.BNzOmK7B.js
1791739969	assets/MasterDataLookup_V2.Cd2Ae8DE.css
1791739969	assets/MasterDataLookup_V2.EqSvDWUa.js
1791739969	assets/McpToolSelector.CXtNepwW.js
1791739969	assets/McpToolSelector.RiyP_BOe.css
1791739969	assets/MediFieldsView.iR0kfeA1.js
1791739969	assets/MediFieldsView.oxIxTvh5.css
1791739969	assets/MediFieldsView_v3.BNvBmyn_.css
1791739969	assets/MediFieldsView_v3.DIkTIj1h.js
1791739969	assets/MessageBanner.C2lSgS-5.css
1791739969	assets/MessageBanner.CSdMFdab.js
1791739969	assets/MetricContractFooter.MnTro8Ho.css
1791739969	assets/MetricContractFooter.zMFhUQ3o.js
1791739969	assets/MfaChallenge.C-xBFQDU.js
1791739969	assets/MicrosoftLogin.C7MnrG-b.css
1791739969	assets/MicrosoftLogin.smjUw1Ks.js
1791739969	assets/MissionControlPage.B7ZDJeBB.css
1791739969	assets/MissionControlPage.CFsrVvBV.js
1791739969	assets/MissionProgressBar.CYzLJoHh.js
1791739969	assets/MissionProgressBar.VnlPyOtY.css
1791739969	assets/ModelsList.Cf8riWNr.js
1791739969	assets/ModelsList.Ckll18Ap.css
1791739969	assets/Montserrat-VariableFont_wght.BX21VzKy.ttf
1791739969	assets/NetworkError.ByHYkXBC.js
1791739969	assets/NoFooterLayout.Cg_EJH6S.js
1791739969	assets/NoFooterLayout.DPWHKfx0.css
1791739969	assets/NotificationTest.BY1SFpQy.css
1791739969	assets/NotificationTest.BxaP-NzM.js
1791739969	assets/OcrDocument.BuH9AKDw.css
1791739969	assets/OcrDocument.BxXuANeV.js
1791739969	assets/OcrLayout.C1vDnpx3.css
1791739969	assets/OcrLayout.y-SShEwV.js
1791739969	assets/OpenAPI.DI9j3U8n.js
1791739969	assets/OrgPicker.CWOvvWoD.js
1791739969	assets/OrgPicker.Dd1_uZvR.css
1791739969	assets/PO-matching.CzLvsNn7.js
1791739969	assets/PO-matching.DmgHHwuN.css
1791739969	assets/PWACacheStatus.DJag8CsV.js
1791739969	assets/PWACacheStatus.wgT8f1sX.css
1791739969	assets/PaginationSettings.DEmrUH53.js
1791739969	assets/PdfTemplateLayout.Dbt2rdL6.css
1791739969	assets/PdfTemplateLayout.V2PwnsqU.js
1791739969	assets/Performance.XoJvNLBd.js
1791739969	assets/PoMatchDecisionFlow.B4jWKttk.js
1791739969	assets/PoMatchDecisionFlow.D4TCkGQf.css
1791739969	assets/PoMatchExplanationPanel.BYTiKwn_.js
1791739969	assets/PoMatchExplanationPanel.BlV8_5N_.css
1791739969	assets/PoMatchExplanationService.BMXFv1ch.js
1791739969	assets/PoMatchReplayLauncher.B1SDBty9.js
1791739969	assets/PoMatchReplayLauncher.Rqx4Mjqb.css
1791739969	assets/PoMatchReplayPlayer.BVxh0yud.css
1791739969	assets/PoMatchReplayPlayer.D9fY2gMe.js
1791739969	assets/PoTable.CL8RGZpG.css
1791739969	assets/PoTable.g0Uk91W5.js
1791739969	assets/PrepareDashboard.C3PjYR4I.css
1791739969	assets/PrepareDashboard.DoIzFtNa.js
1791739969	assets/PriorityIcon.BJ8mb5AO.css
1791739969	assets/PriorityIcon.Bw7OHhYX.js
1791739969	assets/ProcessingAnalyticsDashboard.1b_0u0rK.css
1791739969	assets/ProcessingAnalyticsDashboard.BFYJ-NXM.js
1791739969	assets/Properties.2nDk0fmG.js
1791739969	assets/Properties.Bz1Y0OXP.css
1791739969	assets/PublicDocumentStatus.Ch3zlxzh.js
1791739969	assets/PublicDocumentStatus.CxlbZeSZ.css
1791739969	assets/PublicLayout.CTgSYJJb.css
1791739969	assets/PublicLayout.DPNMQtaU.js
1791739969	assets/PurchaseOrderDashboard.CSlPagBH.css
1791739969	assets/PurchaseOrderDashboard.KJcM_i2i.js
1791739969	assets/PurchaseOrderDetail.BeCGG85V.css
1791739969	assets/PurchaseOrderDetail.Xl2zBrAO.js
1791739969	assets/QuoteDetails.D0Z6ak-L.css
1791739969	assets/QuoteDetails.DmyhvZvb.js
1791739969	assets/Receipt.vptmtnwt.js
1791739969	assets/Receipt.x1XGuNl0.css
1791739969	assets/Register-Success.DDC1hhQC.css
1791739969	assets/Register-Success.DEY2b8Kg.js
1791739969	assets/Register.6xbh5qgW.js
1791739969	assets/Register.BsdCux0o.css
1791739969	assets/Register.D4wxyW40.js
1791739969	assets/Register.DVlR-xcK.css
1791739969	assets/ResendVerifyEmail.BxBmGwuC.css
1791739969	assets/ResendVerifyEmail.qHmprXXO.js
1791739969	assets/Reset-Password.Bmknh5yu.css
1791739969	assets/Reset-Password.C8FPqH7c.js
1791739969	assets/Resizable.K--zTMDX.css
1791739969	assets/Resizable.bGOyOz5L.js
1791739969	assets/RowActionsMenu.D5CFQGQR.css
1791739969	assets/RowActionsMenu.Sp3hHt1f.js
1791739969	assets/RuleBuilder.BTJVEiBH.js
1791739969	assets/RuleBuilder.CFhAWqhQ.css
1791739969	assets/RuleBuilder.CiNP18xw.css
1791739969	assets/RuleBuilder.DKOj5TS3.js
1791739969	assets/Rules.DL5QsEKo.css
1791739969	assets/Rules.j5jF1VaC.js
1791739969	assets/Screen-coa.D_FYe4VW.js
1791739969	assets/Screen-coa.DxB1V24y.css
1791739969	assets/Screen-medi-order-v3.BiQmETCe.css
1791739969	assets/Screen-medi-order-v3.TAg5DR6l.js
1791739969	assets/Screen-medi-order.C4-mk2LA.css
1791739969	assets/Screen-medi-order.DaYlQvQK.js
1791739969	assets/Screen-po-matching-v3.C5Byn6WR.css
1791739969	assets/Screen-po-matching-v3.Dyx8o4Md.js
1791739969	assets/Screen-ready-for-approval-v2.BWTEnmfN.css
1791739969	assets/Screen-ready-for-approval-v2.DyOfelTY.js
1791739969	assets/Screen-ready-for-approval-v3.DLymi5vg.css
1791739969	assets/Screen-ready-for-approval-v3.DPThepTG.js
1791739969	assets/Screen-ready-for-approval.BvnGE95-.css
1791739969	assets/Screen-ready-for-approval.CTb7Ix9k.js
1791739969	assets/Screen-rejected.-xvyFyLJ.js
1791739969	assets/Screen-rejected.DA--7Jt2.css
1791739969	assets/Screen-tbl-extraction.Bv4b9rT0.css
1791739969	assets/Screen-tbl-extraction.DdKsxHic.js
1791739969	assets/Script_Logs.BBdafrhs.css
1791739969	assets/Script_Logs.zH8wo1nc.js
1791739969	assets/SectionAutoAccounting.BjCjkbJp.css
1791739969	assets/SectionAutoAccounting.CXaBB5EG.js
1791739969	assets/SelectionPopup.D8vqSBiD.css
1791739969	assets/SelectionPopup.Tf-gxEK-.js
1791739969	assets/SelectionRuleEditor.CBcnOjWp.js
1791739969	assets/SelectionRuleEditor.D80sNB9Z.css
1791739969	assets/SepPDFLayout.D3J-w4tI.css
1791739969	assets/SepPDFLayout.Zjuoa7OR.js
1791739969	assets/Set-Password.D3z1aKNS.css
1791739969	assets/Set-Password.JwapZg1O.js
1791739969	assets/SettingsAssistantApplyService.Xs3ZZp1t.js
1791739969	assets/SettingsAssistantImportEmailService.I88xgs0r.js
1791739969	assets/SettingsCategoryView.BBqeDrOG.css
1791739969	assets/SettingsCategoryView.BYEp9Xkd.js
1791739969	assets/SettingsHub.BCdBRh1f.js
1791739969	assets/SettingsHub.Cx18Q9Ym.css
1791739969	assets/SettingsLayout.B-yIY9nq.js
1791739969	assets/SettingsLayout.Cn1lnyGe.css
1791739969	assets/ShadcnShowcase.C_pP0RIM.js
1791739969	assets/SidebarActionButtons.D1ByTki5.js
1791739969	assets/SidebarActionButtons.ZGwmxYfn.css
1791739969	assets/StatisticsDashboard.C8h4WYbZ.css
1791739969	assets/StatisticsDashboard.DUkwYtcS.js
1791739969	assets/StatusBadge.DLan6iOR.js
1791739969	assets/StatusBadge.vRe7AFKm.css
1791739969	assets/Sub-Header.CArKBEL3.css
1791739969	assets/Sub-Header.D7GrmdrM.js
1791739969	assets/SubscriptionAndConnectionChecker.BfWRKHYe.js
1791739969	assets/SubscriptionDialog.B_FkiCMF.js
1791739969	assets/SubscriptionDialog.qHACXZ7k.css
1791739969	assets/Summery.C1IrBYYb.css
1791739969	assets/Summery.vuiRNXjZ.js
1791739969	assets/SupplierApprovalStatus.B_qTZfHm.js
1791739969	assets/SupplierApprovalStatus.CY0zkVEq.css
1791739969	assets/SupplierDetails.DdrRaUVu.css
1791739969	assets/SupplierDetails.DllV3g92.js
1791739969	assets/SupplierDetailsSidebar.AfMBeTmQ.css
1791739969	assets/SupplierDetailsSidebar.hQetwSUI.js
1791739969	assets/SupplierGeneral.B48jH6-f.js
1791739969	assets/SupplierGeneral.CJcbJW7r.css
1791739969	assets/SupplierItemNumberMap.C-s1SZFO.js
1791739969	assets/SupplierPolicyPrivacyStatement.CtF4ff6Q.js
1791739969	assets/SupplierRegisterWizard.BjmcpRQ4.js
1791739969	assets/SupplierWizardLayout.Cy0Jc2ZO.js
1791739969	assets/SupplierWizardLayout.DdLksubx.css
1791739969	assets/SystemLogs.BuT04887.js
1791739969	assets/SystemLogs.CZmM_bO0.css
1791739969	assets/Table.BqxQumBM.css
1791739969	assets/Table.C-E8OZjd.js
1791739969	assets/TableExplanationPage.BE0zFeU7.js
1791739969	assets/TableExplanationPage.b8jOlSGG.css
1791739969	assets/TableResizeHandle.B1xiv22w.js
1791739969	assets/TableResizeHandle.BCwZ_KdL.css
1791739969	assets/TableTrainLayout.28QV40Z0.js
1791739969	assets/TableTrainLayout.DU1EFIGk.css
1791739969	assets/TaskBtn.Cwvjf5ni.js
1791739969	assets/TaskPage.BdTavnUc.js
1791739969	assets/TaskPage.DRwUq-Kr.css
1791739969	assets/TeamsLinkCodePage.DOMEkfHH.js
1791739969	assets/TeamsLinkCodePage._CUoDOnS.css
1791739969	assets/TermAndCondition.BsKiLL8n.js
1791739969	assets/TestDetailsPage.BFCHnkkm.css
1791739969	assets/TestDetailsPage.COmW7mKy.js
1791739969	assets/TestRange.DyNduGnR.js
1791739969	assets/TestsOverviewPage.DFKmQ7LI.css
1791739969	assets/TestsOverviewPage.zN93zqzv.js
1791739969	assets/TestsPage.Cl8tMMzj.js
1791739969	assets/TestsPage.D5RbM3Sf.css
1791739969	assets/TokenLogin.DmVMrzLs.js
1791739969	assets/TomlList.DwYYQVYT.css
1791739969	assets/TomlList.wp2Rq7Y-.js
1791739969	assets/TouchlessDocumentTrace.CEX6l59d.js
1791739969	assets/TouchlessDocumentTrace.CxBcaVC8.css
1791739969	assets/TouchlessSupplierCompare.B9Qomujj.js
1791739969	assets/TouchlessSupplierCompare.BtePacNr.css
1791739969	assets/TouchlessSupplierDetail.DyVo5ST_.css
1791739969	assets/TouchlessSupplierDetail.PwLkurLb.js
1791739969	assets/TouchlessWidgetWrapper.BoiJQW5P.js
1791739969	assets/TouchlessWidgetWrapper.JcnTtztV.css
1791739969	assets/TrainingList.BY2prdoT.js
1791739969	assets/TrainingList.CRg4J1DC.css
1791739969	assets/UnBlockSupplier.D2GpoFFZ.css
1791739969	assets/UnBlockSupplier.DHPWbIZB.js
1791739969	assets/UnprocessedPageOverlay.C3sSz3h3.css
1791739969	assets/UnprocessedPageOverlay.DjAKlxcG.js
1791739969	assets/UserAndSupplierGroupMapping.DpdVJYft.js
1791739969	assets/UserAndSupplierGroupMapping.LqsIH7bt.css
1791739969	assets/UserDetail.3coVQJOd.js
1791739969	assets/UserDetail.CVanMkvu.css
1791739969	assets/UserFormDialog.DEQmn2Zd.js
1791739969	assets/ValidationAssistantExplainerCard.C3oXzwfp.js
1791739969	assets/ValidationAssistantExplainerCard.CnM5G36K.css
1791739969	assets/ValidationAssistantPanel.Bs0vR0XX.css
1791739969	assets/ValidationAssistantPanel.CAimPTvj.js
1791739969	assets/ValidationAssistantWindow.B_7CUNCx.css
1791739969	assets/ValidationAssistantWindow.CspI5i3r.js
1791739969	assets/ValidationReportDemo.C93aXEDh.js
1791739969	assets/ValidationReportDemo.DSFPscMx.css
1791739969	assets/ValidationReportPanel.BbCHki-n.js
1791739969	assets/ValidationReportPanel.Bx08zs0p.css
1791739969	assets/Verify-Email.C2RZ2fBp.js
1791739969	assets/Verify-Email.dj6tKkC0.css
1791739969	assets/VertexDetails.C0r1L26h.js
1791739969	assets/VertexDetails.D1teAH8f.css
1791739969	assets/WorkflowTestDocumentPicker.Bm4b9gEK.css
1791739969	assets/WorkflowTestDocumentPicker.CbgYpKei.js
1791739969	assets/WorkflowTestResultDialog.C_6ZQoa2.css
1791739969	assets/WorkflowTestResultDialog.Dgt1a444.js
1791739969	assets/ace-editor.DWTcIJ41.js
1791739969	assets/add-new-edi.BCak1KuD.css
1791739969	assets/add-new-edi.CZr6JHjX.js
1791739969	assets/agents.CKlelUL6.js
1791739969	assets/ai_indicator.DyF3yDOO.svg
1791739969	assets/ai_prompt.B42yneEK.js
1791739969	assets/amountConversionHelper.CyJeGxFL.js
1791739969	assets/amountLocaleFormat.Clwv8BBh.js
1791739969	assets/anchorHighlight.BFqgXX2j.js
1791739969	assets/annotationView.CJRMaB8r.css
1791739969	assets/annotationView.Dl5Aue1P.js
1791739969	assets/api-config.ZwSdyeez.js
1791739969	assets/app-core.29MT07Ui.js
1791739969	assets/app-core.ClxZ13KH.css
1791739969	assets/app_scanner.HIB6wBAK.css
1791739969	assets/app_scanner.VyDdXBz-.js
1791739969	assets/app_version.Ajc10MkR.js
1791739969	assets/assistantSessionChanges.B1QAHJTL.js
1791739969	assets/auditFormatting.DdbaQnRy.js
1791739969	assets/auth-axios-instance.Blw9RdgA.js
1791739969	assets/auth-environment-validator.GV2q3TZZ.js
1791739969	assets/autoAccountingBtn.Biqi934y.js
1791739969	assets/autoTesting.C_HIXYzc.css
1791739969	assets/autoTesting.JqZ2QdAn.js
1791739969	assets/autotesting.C55jo_bZ.png
1791739969	assets/axiosInterceptor.skOJEoho.js
1791739969	assets/backendUnavailableWarning.B9i91kQR.css
1791739969	assets/backendUnavailableWarning.BOYHsCeg.js
1791739969	assets/badge.BiaYrpVl.css
1791739969	assets/badge.CCippmlK.js
1791739969	assets/bg.DhatCteU.js
1791739969	assets/charts.B5yyenVt.js
1791739969	assets/companyInformation.C3WmvLRU.css
1791739969	assets/companyInformation.CoQlKuWy.js
1791739969	assets/condition-phrases.CH99I0MU.js
1791739969	assets/constant.DDXPoBjQ.js
1791739969	assets/copyUtil.eY8TuSiC.js
1791739969	assets/cs.CgXn0Gfg.js
1791739969	assets/csvExportUtil.B8TpKR8k.js
1791739969	assets/customPreset.BPsDPcaq.js
1791739969	assets/customPreset.C0FV9PNl.css
1791739969	assets/darkModeOption.B4YU8_4L.css
1791739969	assets/darkModeOption.BWhKsWKq.js
1791739969	assets/dashboard.BLFJQUfm.js
1791739969	assets/dashboard.Bj4ONhv2.css
1791739969	assets/dashboard.BpxUyQUJ.js
1791739969	assets/dashboard.CcHsb455.js
1791739969	assets/dashboard.DA2CNrFf.js
1791739969	assets/dashboard.DGD6k1wt.css
1791739969	assets/dashboard.DUf02oP0.css
1791739969	assets/dashboard.DhPl9_HT.css
1791739969	assets/dashboard.DjIk5p2a.css
1791739969	assets/dashboard.pNP230B7.js
1791739969	assets/dashboard.store.CrlAad96.js
1791739969	assets/dashboard.store.Dvp_RUHR.js
1791739969	assets/dataCache.BBNaN2Rb.js
1791739969	assets/de.DvT8pT82.js
1791739969	assets/debug-websocket.BxFA4n9D.css
1791739969	assets/debug-websocket.LXXzfAYy.js
1791739969	assets/debugCollector.BRcaVOGO.js
1791739969	assets/decisionTree-designer.4dmD2qyZ.js
1791739969	assets/decisionTree-designer.CijDcwHq.css
1791739969	assets/decisionTrees.CiTqafgL.css
1791739969	assets/decisionTrees.CqEhNmsm.js
1791739969	assets/demo.D9LL2KUf.js
1791739969	assets/demo.DPzxImQ-.css
1791739969	assets/detail.Buwk3Z13.css
1791739969	assets/detail.CSabxT5V.css
1791739969	assets/detail.D-Zlrk2B.js
1791739969	assets/detail.I6CsDAIL.js
1791739969	assets/details.BhH0eRrZ.css
1791739969	assets/details.DnbsQGXa.js
1791739969	assets/dist.CMbAW6Yh.js
1791739969	assets/doc-type-table-columns.BDBfQukG.css
1791739969	assets/doc-type-table-columns.DE5o8YWZ.js
1791739969	assets/docOperator.Bqtz7Ucw.css
1791739969	assets/docOperator.DeJrWkSQ.js
1791739969	assets/doc_operator_icon.C2enX9_1.css
1791739969	assets/doc_operator_icon.CqVrvOzv.js
1791739969	assets/docnet-email.store.BLVpYtzH.js
1791739969	assets/docnet-labels.IGfLr0Lf.js
1791739969	assets/docnet-projects.store.DY-6o_XV.js
1791739969	assets/docnet-websocket.store.nXqlZfcf.js
1791739969	assets/document-general.Cdg760q3.js
1791739969	assets/document-type.0zv7HiuU.js
1791739969	assets/document-type.Boy-ctJc.css
1791739969	assets/documentFieldValidation.CZEgKAI8.js
1791739969	assets/documentLayoutType.IHAPbru4.js
1791739969	assets/document_view.CNMr3_je.js
1791739969	assets/dragDropColumn.DqgPQL0G.js
1791739969	assets/editor.CN6a3yi5.js
1791739969	assets/edoc-format-utils.Bnp5NPJa.js
1791739969	assets/edoc-tax-mapping.D0l-5nCm.js
1791739969	assets/emails.DIyi2VN2.js
1791739969	assets/en.BhZSyQvu.js
1791739969	assets/enum.CcPzSkrr.js
1791739969	assets/es.2LPeEhXA.js
1791739969	assets/es.9ftFldPy.js
1791739969	assets/export-page.BSdCwuzX.css
1791739969	assets/export-page.XfNxS51F.js
1791739969	assets/exportBtns.B3GmYaZQ.js
1791739969	assets/exportBtns.wlNnirEf.css
1791739969	assets/faro-sdk.Do7faKGr.js
1791739969	assets/fellowpro-icon.DJaPRS7O.js
1791739969	assets/field-validation-view.BXF8wySv.css
1791739969	assets/field-validation-view._lSVM51E.js
1791739969	assets/field_setting.BGN6V2n5.css
1791739969	assets/field_setting.D3hFpmY6.js
1791739969	assets/fields-view.BhcdBOOC.css
1791739969	assets/fields-view.D64EE3k6.js
1791739969	assets/flUhRq6tzZclQEJ-Vdg-IuiaDsNa.OUIwM9U8.woff
1791739969	assets/flUhRq6tzZclQEJ-Vdg-IuiaDsNcIhQ8tQ.D-x-0Q06.woff2
1791739969	assets/formBuilderRouter.2qys40wF.js
1791739969	assets/formElementLabel.CHuPkKoR.js
1791739969	assets/formatDistanceToNow.0QVFTbsK.js
1791739969	assets/formatting.RUm3XGjX.js
1791739969	assets/fr.Dj8vdrRI.js
1791739969	assets/generateSavedColumns.NtNpzi36.js
1791739969	assets/generic_card_logs.CW0SISMY.css
1791739969	assets/generic_card_logs.D_CA8CxK.js
1791739969	assets/getTimezoneOffsetInMilliseconds.mp1z0Clw.js
1791739969	assets/helpLinks.Dk2ITXrk.js
1791739969	assets/helper.1khsjecB.css
1791739969	assets/helper.DgxK1fFP.js
1791739969	assets/helper.DklLQjzy.js
1791739969	assets/helperMixin.Bf_devL5.js
1791739969	assets/helpshortcut.sCafjoNH.js
1791739969	assets/hu-HU.CsF6Khfo.js
1791739969	assets/iconify.BMaEp4VI.js
1791739969	assets/iconify.B_k-mSki.js
1791739969	assets/imageFieldSplitter.B4YQ3BTb.js
1791739969	assets/imageFieldSplitter.D-0DXrlH.css
1791739969	assets/import-multi-invoice.BY9tjWqE.js
1791739969	assets/import-multi-invoice.KHhDadWA.css
1791739969	assets/import.DXKpT3L0.js
1791739969	assets/import.DvLiMQF8.css
1791739969	assets/inbox.DN7_TdnB.js
1791739969	assets/index.CPC7u-V1.js
1791739969	assets/index.DVrNk4-T.css
1791739969	assets/integration.B2sZxm-y.js
1791739969	assets/integration.Ctdf3QtM.css
1791739969	assets/invoice-calculation.DEyDg0Ni.css
1791739969	assets/invoice-calculation.MiuNYwKq.js
1791739969	assets/issues.C51ofveP.js
1791739969	assets/it.BU3EeAT7.js
1791739969	assets/ja.Dr3d8h5Y.js
1791739969	assets/jetbrains-mono-cyrillic-400-normal.BEIGL1Tu.woff2
1791739969	assets/jetbrains-mono-cyrillic-400-normal.ugxPyKxw.woff
1791739969	assets/jetbrains-mono-greek-400-normal.B9oWc5Lo.woff
1791739969	assets/jetbrains-mono-greek-400-normal.C190GLew.woff2
1791739969	assets/jetbrains-mono-latin-400-normal.6-qcROiO.woff
1791739969	assets/jetbrains-mono-latin-400-normal.V6pRDFza.woff2
1791739969	assets/jetbrains-mono-latin-ext-400-normal.Bc8Ftmh3.woff2
1791739969	assets/jetbrains-mono-latin-ext-400-normal.fXTG6kC5.woff
1791739969	assets/jetbrains-mono-vietnamese-400-normal.CqNFfHCs.woff
1791739969	assets/js.CL4OXYI-.js
1791739969	assets/kanit-latin-100-normal.APL6PpT_.woff
1791739969	assets/kanit-latin-100-normal.D1BRUJai.woff2
1791739969	assets/kanit-latin-200-normal.Cb6ZM9JM.woff
1791739969	assets/kanit-latin-200-normal.D_EJvDSo.woff2
1791739969	assets/kanit-latin-ext-100-normal.CGFxNXmn.woff
1791739969	assets/kanit-latin-ext-100-normal.aeeEKxZ6.woff2
1791739969	assets/kanit-latin-ext-200-normal.B0evAMVE.woff
1791739969	assets/kanit-latin-ext-200-normal.wBz7_B0o.woff2
1791739969	assets/kanit-thai-100-normal.Br4vPRug.woff2
1791739969	assets/kanit-thai-100-normal.CCbCOEYW.woff
1791739969	assets/kanit-thai-200-normal.jTN2i8K3.woff
1791739969	assets/kanit-thai-200-normal.mMNKWsKr.woff2
1791739969	assets/kanit-vietnamese-100-normal.BMxjkIch.woff2
1791739969	assets/kanit-vietnamese-100-normal.QNi4N11z.woff
1791739969	assets/kanit-vietnamese-200-normal.BoB39ycW.woff
1791739969	assets/kanit-vietnamese-200-normal.D9fKzblU.woff2
1791739969	assets/keyDownHelper.BgdBblfk.js
1791739969	assets/keyDownHelper.Cavi11b8.js
1791739969	assets/keyboard.D5hJv7dm.js
1791739969	assets/keyboard.DBR3Sj2H.js
1791739969	assets/ko-KR.Bz--C3Nf.js
1791739969	assets/labels_dropdown.BlFTVK8Z.js
1791739969	assets/layout.B6ecxDT7.js
1791739969	assets/layout.CGFZKCVy.css
1791739969	assets/lib.DU5i4p0-.js
1791739969	assets/list-box.CiFXSkOT.js
1791739969	assets/list-box.D5_x2Gub.css
1791739969	assets/list-of-values.BSVbNEi9.css
1791739969	assets/list-of-values.CzH7KTZS.js
1791739969	assets/listPopUp.D5dpxQOI.js
1791739969	assets/listPopUp.DcFjUx4K.css
1791739969	assets/logger.U9YLPjsz.js
1791739969	assets/main.9r5pWHib.js
1791739969	assets/main.B3kNLKGp.css
1791739969	assets/main.B5SdPSpO.css
1791739969	assets/main.BcUvfP_P.js
1791739969	assets/main.C-_Ov0DG.css
1791739969	assets/main.C9rbO_iB.js
1791739969	assets/main.CxOMY3Xc.js
1791739969	assets/main.DBZskgBe.js
1791739969	assets/main.DJhnmues.js
1791739969	assets/main.DgH-QP_M.css
1791739969	assets/main.DkwIcL0N.js
1791739969	assets/main.Ds7CrSlM.js
1791739969	assets/main.Jnz0Ncws.css
1791739969	assets/main.Masq4krc.css
1791739969	assets/main.PmraUFGX.css
1791739969	assets/main_details.CIVMrcRX.js
1791739969	assets/main_details.D0HKe7jH.css
1791739969	assets/main_flow.D7WbGUUl.js
1791739969	assets/main_flow.ho5ejLDQ.css
1791739969	assets/manage-configuration.D9D8kjGu.css
1791739969	assets/manage-configuration.tgIaLFN0.js
1791739969	assets/manage-scripts.CzGxJAPO.css
1791739969	assets/manage-scripts.DAF9yGcn.js
1791739969	assets/markdown.BwBoXiDZ.js
1791739969	assets/marked.esm.DAXkBjTF.js
1791739969	assets/masterDataLookup.B5LscI2J.css
1791739969	assets/masterDataLookup.DMgmVdR7.js
1791739969	assets/mdi-v6.CntxIP_G.js
1791739969	assets/medi_fields_def.C4c3QEdH.js
1791739969	assets/mfa-pending.CWNMwKea.js
1791739969	assets/missions.qPaEJsbw.js
1791739969	assets/model-training.Cbbck92K.js
1791739969	assets/module-access.BAYlPzOH.js
1791739969	assets/modules-dashboards-analytics.Di45cyAL.js
1791739969	assets/modules-dashboards-analytics._qVUR4Xt.css
1791739969	assets/modules-document-integration.B3-HV1OK.js
1791739969	assets/modules-document-integration.CDe4x7ko.css
1791739969	assets/modules-order-finance.DEE6TUe7.css
1791739969	assets/modules-order-finance.DfyGTdKZ.js
1791739969	assets/nl.DIgpenPx.js
1791739969	assets/notify.BwyddN-L.js
1791739969	assets/notify.VIv0KA46.css
1791739969	assets/novaChannelReconcile.BV3R7T5X.js
1791739969	assets/oauth2-v2.DgGTFmtx.js
1791739969	assets/ocrSettings.CaABkcov.js
1791739969	assets/ocrSettings.Dky_NONj.css
1791739969	assets/parseISO.GSbUikBM.js
1791739969	assets/pdf-view.Bg1YzKp-.css
1791739969	assets/pdf-view.ChesOCKC.js
1791739969	assets/pdf-viewer.opGhXRn8.js
1791739969	assets/pl.vvqhjMzI.js
1791739969	assets/po-match-replay.pXlG4QAL.js
1791739969	assets/prism.8lGIVypJ.js
1791739969	assets/prism.C6uyB5YP.css
1791739969	assets/prismeditor.7T_ucuN_.css
1791739969	assets/prismeditor.esm.B0yOFBBd.js
1791739969	assets/projects.BT9uKEiX.js
1791739969	assets/pt-BR.bNGNf3U6.js
1791739969	assets/pt.BZ_XWxkp.js
1791739969	assets/purchaseOrderTableUtils.Bsrwhngr.js
1791739969	assets/purchaseOrderTableUtils.DWDaggVM.css
1791739969	assets/purify.es.BNTYtTwk.js
1791739969	assets/pwaCache.DI15HaoE.js
1791739969	assets/qmenu-scroll-target-tagger.CaxThs-m.js
1791739969	assets/quasar.CB4qR0TS.js
1791739969	assets/quasar.QlI3GtTS.css
1791739969	assets/range.BU5Wgsxn.js
1791739969	assets/release-names.DGljcNLD.js
1791739969	assets/request.CTg3-LpQ.js
1791739969	assets/reroute-user-eu-to-us.CntpYkyN.svg
1791739969	assets/reroute-user-us-to-eu.-c3pMsY_.svg
1791739969	assets/resizableGridUtil.C-rBBKWI.js
1791739969	assets/resolvableAppPath.BJhcJRzg.js
1791739969	assets/ro.CE9IBD_H.js
1791739969	assets/rolldown-runtime.rP82L7Os.js
1791739969	assets/route-search.xyuyKxki.js
1791739969	assets/rule-builder-model.BABKyEnz.js
1791739969	assets/saved-sortby-badges.DkOMbWYp.js
1791739969	assets/script-record.BNoPwE-P.js
1791739969	assets/script-record.C-gDI1h3.css
1791739969	assets/script-screen-dummy.CJz421KR.js
1791739969	assets/script-screen-dummy.CutdfPVr.css
1791739969	assets/selectApps.kbdfwdCD.js
1791739969	assets/selection-rules.model.BhE5Zxbp.js
1791739969	assets/sentry-sdk.CqTcUZ2k.js
1791739969	assets/sentry.BvJ-XXRf.js
1791739969	assets/sessionHelper.nGeG3dIk.js
1791739969	assets/settings-deep-link.CfBoOB8K.js
1791739969	assets/settings-navigation.ChRngbFd.js
1791739969	assets/settingsAssistantService.BucPKlOx.js
1791739969	assets/settingsAssistantService.CjJWHTRS.css
1791739969	assets/shadcn-overrides.DwlWegh0.js
1791739969	assets/shepherd.Cd4wH-yz.js
1791739969	assets/sk.CfHOgjDR.js
1791739969	assets/sl.LWIkf7dg.js
1791739969	assets/src.B2YiBhzj.js
1791739969	assets/src.BUV0l3x5.css
1791739969	assets/store.D87HDV47.js
1791739969	assets/store.Dk9vktM5.js
1791739969	assets/stringify.BaaScePd.js
1791739969	assets/sub-document-type.hLgwUMBV.js
1791739969	assets/subject-field.DBJmOFca.js
1791739969	assets/subscriptionDialogHelpers.Dk1UCA2W.js
1791739969	assets/subscriptionUtil.B1VlTCcN.js
1791739969	assets/subscriptions.CS9Y9D6j.js
1791739969	assets/subscriptions.eIYMB8V9.css
1791739969	assets/supplierDeliveryStatistic.BuapAChq.css
1791739969	assets/supplierDeliveryStatistic.EpiM1lWp.js
1791739969	assets/supportForm.BLGlVMxY.js
1791739969	assets/supportForm.CBMHmS2b.css
1791739969	assets/supportPage.BzMvTXto.css
1791739969	assets/supportPage.Di6xkX6L.js
1791739969	assets/support_help.Dtj2wz__.js
1791739969	assets/sv.CnD1ojA6.js
1791739969	assets/tableHeightResizeUtil.BQilE0-5.js
1791739969	assets/taskDeletePermission.ClNNzV-t.js
1791739969	assets/term_and_condtion.store.DzAJO_LK.js
1791739969	assets/tests.DZcC__4n.js
1791739969	assets/th.B1_fFDLF.js
1791739969	assets/timeago.BNAWYwfN.js
1791739969	assets/tokenUtil.DzdSYtwK.js
1791739969	assets/toml.H0oL3g1i.js
1791739969	assets/touchless-fixability.B62vtoFd.js
1791739969	assets/touchless-fixability.Bpu60LFo.css
1791739969	assets/touchless-supplier.B8Bn9WKU.js
1791739969	assets/touchlessDrilldown.Zp9s2PtK.js
1791739969	assets/tr-rules-sync.store.CiuVNbXc.js
1791739969	assets/tr.DrmqpcbE.js
1791739969	assets/translate.Cs3VMHLj.js
1791739969	assets/useAccordionSearch.CWOlEnPQ.js
1791739969	assets/useAiSetting.CO7IRSJC.js
1791739969	assets/useAnalyticsAccess.DkqeD2he.js
1791739969	assets/useCardVariableResolver.xcsUTOgN.js
1791739969	assets/useImageAuth.pOhlLGlQ.js
1791739969	assets/useNodeStatusDisplay.D_GSAeN1.js
1791739969	assets/useReindexProgress.CuGB5iS2.js
1791739969	assets/useRuleKey.Cnp5fXJ7.js
1791739969	assets/useSidebarPanel.BR2DNFJn.js
1791739969	assets/useSidebarPanel.Dswyh17D.css
1791739969	assets/useTouchlessAccess.BlivIelZ.js
1791739969	assets/useValidationBlockers.tUYOEQJt.js
1791739969	assets/users.CE-7Spcq.js
1791739969	assets/validate-token.BKUoMScW.js
1791739969	assets/validateRegex.xz7bgGY8.js
1791739969	assets/validation-view-helper.BfuD0Cp0.js
1791739969	assets/validationAssistantActions.DZWXYf-h.js
1791739969	assets/validationAssistantHostMixin.Birsgs-j.js
1791739969	assets/validationAssistantNotify.CYcyei_m.js
1791739969	assets/validationBlockers.DkXnGd6p.js
1791739969	assets/validationButtonPanelHelper.ayLX2O13.js
1791739969	assets/validatior.C-YDtHyO.js
1791739969	assets/validator.Cgs2W3Mm.js
1791739969	assets/versionRefresh.Cyme1aig.js
1791739969	assets/vi.ByFacqrz.js
1791739969	assets/visual_flow_page.BEuPe1By.css
1791739969	assets/visual_flow_page.C1cMlTcR.js
1791739969	assets/vue-draggable-next.esm-bundler.Dx-SynMd.js
1791739969	assets/vue-ecosystem.DgMoV8Br.js
1791739969	assets/vue-flow.CkA-Go_4.js
1791739969	assets/vue-recaptcha.es.DCQYZG0b.js
1791739969	assets/watchdog_settings.BKxTwUFF.js
1791739969	assets/watchdog_settings.C-oWcNNs.css
1791739969	assets/webauthn.B_WsV5Vt.js
1791739969	assets/websocket.eRTUSUUk.js
1791739969	assets/workflow-designer-advanced.Bg30_mK9.js
1791739969	assets/workflow-designer-advanced.q-2HM1KS.css
1791739969	assets/workflow-designer-v2.Bv722GKu.js
1791739969	assets/workflow-designer-v2.Qg0jUlo_.css
1791739969	assets/workflow-designer.BpyvCHGY.js
1791739969	assets/workflow-designer.COsYYp7v.css
1791739969	assets/workflow-variable-handler.0U_Hlkqz.js
1791739969	assets/workflowBuilderHelpers.CQIhgJh1.js
1791739969	assets/workflowDashboard.B8qDux2_.css
1791739969	assets/workflowDashboard.C7RJx_Hi.js
1791739969	assets/workflowGraphUtils.CndXT4Kb.css
1791739969	assets/workflowGraphUtils.iZ3nYulz.js
1791739969	assets/workflowImportExport.0HITw0Nn.css
1791739969	assets/workflowImportExport.Dt7qCPxI.js
1791739969	assets/workflowLogsv2.CW9bc00n.css
1791739969	assets/workflowLogsv2.CWrFxJKi.js
1791739969	assets/workflowVariableUtils.oEyvHKs3.js
1791739969	assets/xmlTableCreation.Cqe2Lpwi.css
1791739969	assets/xmlTableCreation.mqKZF82e.js
1791739969	assets/xslt.BXvJw1wW.css
1791739969	assets/xslt.D0jWzWlc.js
1791739969	assets/zh.C7140x-8.js
1791739969	icons/LOGO.png
1791739969	icons/LOGO.svg
1791739969	icons/apple-icon-120x120.png
1791739969	icons/apple-icon-152x152.png
1791739969	icons/apple-icon-167x167.png
1791739969	icons/apple-icon-180x180.png
1791739969	icons/box.svg
1791739969	icons/csv.png
1791739969	icons/discord-mark-blue.svg
1791739969	icons/docbits-loading-orbit.svg
1791739969	icons/drag-grip.svg
1791739969	icons/icon-128x128.png
1791739969	icons/icon-16x16.png
1791739969	icons/icon-192x192.png
1791739969	icons/icon-256x256.png
1791739969	icons/icon-32x32.png
1791739969	icons/icon-384x384.png
1791739969	icons/icon-512x512.png
1791739969	icons/icon-96x96.png
1791739969	icons/load_balanacer.svg
1791739969	icons/ms-icon-144x144.png
1791739969	icons/slack-mark.svg
1791739969	icons/teams-mark.svg
1791739969	images/Banana_invoice.svg
1791739969	images/Drinks_invoice.png
1791739969	images/EDI.svg
1791739969	images/FACTURX.svg
1791739969	images/Flag_of_Europe.svg
1791739969	images/Flag_of_the_United_States.svg
1791739969	images/Ines.png
1791739969	images/LOGO_DocBits_sw_one.png
1791739969	images/PEPPOL.svg
1791739969	images/Pizza_invoice.png
1791739969	images/XRECHNUNG.svg
1791739969	images/alfred_card.svg
1791739969	images/alt.svg
1791739969	images/broken-link-self.svg
1791739969	images/broken-link.svg
1791739969	images/bt-delete.png
1791739969	images/charges/405_fuel.svg
1791739969	images/charges/add_on_origin.svg
1791739969	images/charges/ancillary_charge.svg
1791739969	images/charges/bas.svg
1791739969	images/charges/charges.svg
1791739969	images/charges/deadhead_milage.svg
1791739969	images/charges/default_charge.svg
1791739969	images/charges/detention_loading.svg
1791739969	images/charges/detention_unloading.svg
1791739969	images/charges/entry_fee.svg
1791739969	images/charges/final_tot_frgt.svg
1791739969	images/charges/freight_on_po.svg
1791739969	images/charges/fuel_surcharge.svg
1791739969	images/charges/inward_frgt_ln.svg
1791739969	images/charges/layover_charges.svg
1791739969	images/charges/lumper_fee.svg
1791739969	images/charges/out_of_route_mileage.svg
1791739969	images/charges/outward_freight.svg
1791739969	images/charges/pickup_surcharge.svg
1791739969	images/charges/po_pallet_charge.svg
1791739969	images/charges/reconsignment_charge.svg
1791739969	images/charges/repair_charge.svg
1791739969	images/charges/sales_tax.svg
1791739969	images/charges/shipping_and_handling_ln.svg
1791739969	images/charges/stop_off_charge.svg
1791739969	images/charges/storage_in_transit.svg
1791739969	images/charges/tot_freight_po.svg
1791739969	images/charges/total_freight.svg
1791739969	images/charges/vehicle_ordered_not_used.svg
1791739969	images/charges/weight_verification.svg
1791739969	images/de.svg
1791739969	images/doc_bits_scan.svg
1791739969	images/docbits-black.svg
1791739969	images/docbits.svg
1791739969	images/docflow/alert.svg
1791739969	images/docflow/approval.svg
1791739969	images/docflow/barcode_extraction.svg
1791739969	images/docflow/classification.svg
1791739969	images/docflow/classify.svg
1791739969	images/docflow/docbits-loading-orbit.svg
1791739969	images/docflow/error.svg
1791739969	images/docflow/export.svg
1791739969	images/docflow/field_extraction.svg
1791739969	images/docflow/fields_extraction.svg
1791739969	images/docflow/import.svg
1791739969	images/docflow/imported.svg
1791739969	images/docflow/infor_cloud_export.svg
1791739969	images/docflow/lookup_data.svg
1791739969	images/docflow/metadata_populator.svg
1791739969	images/docflow/new.svg
1791739969	images/docflow/ocr.svg
1791739969	images/docflow/pdf_searchable.svg
1791739969	images/docflow/pending.svg
1791739969	images/docflow/po_matching.svg
1791739969	images/docflow/restarted.svg
1791739969	images/docflow/running.svg
1791739969	images/docflow/splitter.svg
1791739969	images/docflow/successful_export.svg
1791739969	images/docflow/table_extraction.svg
1791739969	images/docflow/transformer.svg
1791739969	images/docflow/user.svg
1791739969	images/docflow/validator.svg
1791739969	images/document_quality.svg
1791739969	images/download.png
1791739969	images/duplicateInvoiceIcon.svg
1791739969	images/eDocIcons/E-DOC.svg
1791739969	images/eDocIcons/EDI.svg
1791739969	images/eDocIcons/FACTURX.svg
1791739969	images/eDocIcons/FATTURAPA.svg
1791739969	images/eDocIcons/PEPPOL.svg
1791739969	images/eDocIcons/XRECHNUNG.svg
1791739969	images/eDocIcons/ZUGFeRD.svg
1791739969	images/edit.svg
1791739969	images/error.svg
1791739969	images/es.svg
1791739969	images/favicon.ico
1791739969	images/fellowpro-logo.png
1791739969	images/fellowpro_white.png
1791739969	images/flow.svg
1791739969	images/flow2_icon.svg
1791739969	images/google.svg
1791739969	images/guide_dashbaord_2.png
1791739969	images/guide_dashboard_1.png
1791739969	images/guide_dashboard_1_de.png
1791739969	images/guide_dashboard_1_es.png
1791739969	images/guide_dashboard_1_fr.png
1791739969	images/guide_dashboard_1_it.png
1791739969	images/guide_dashboard_1_nl.png
1791739969	images/guide_po_1.png
1791739969	images/guide_po_2.png
1791739969	images/guide_po_3.png
1791739969	images/guide_po_4.png
1791739969	images/guide_po_5.png
1791739969	images/guide_validation_1.png
1791739969	images/guide_validation_1_de.png
1791739969	images/guide_validation_1_es.png
1791739969	images/guide_validation_1_fr.png
1791739969	images/guide_validation_1_it.png
1791739969	images/guide_validation_1_nl.png
1791739969	images/guide_validation_2.png
1791739969	images/guide_validation_2_de.png
1791739969	images/guide_validation_2_es.png
1791739969	images/guide_validation_2_fr.png
1791739969	images/guide_validation_2_it.png
1791739969	images/guide_validation_2_nl.png
1791739969	images/guide_validation_3.png
1791739969	images/guide_validation_3_de.png
1791739969	images/guide_validation_3_es.png
1791739969	images/guide_validation_3_fr.png
1791739969	images/guide_validation_3_it.png
1791739969	images/guide_validation_3_nl.png
1791739969	images/guide_validation_4.png
1791739969	images/guide_validation_4_de.png
1791739969	images/guide_validation_4_es.png
1791739969	images/guide_validation_4_fr.png
1791739969	images/guide_validation_4_it.png
1791739969	images/guide_validation_4_nl.png
1791739969	images/idm_icon.svg
1791739969	images/improve_document.svg
1791739969	images/ines_100.png
1791739969	images/infor.jpg
1791739969	images/insight.svg
1791739969	images/invoice.svg
1791739969	images/keyboard-down-arrow.svg
1791739969	images/keyboard-left-arrow.svg
1791739969	images/keyboard-right-arrow.svg
1791739969	images/keyboard-up-arrow.svg
1791739969	images/link.svg
1791739969	images/linkedin.svg
1791739969	images/loader.gif
1791739969	images/logo_cloudintegration_weiss_k.svg
1791739969	images/medi.svg
1791739969	images/microsoft.svg
1791739969	images/pages.svg
1791739969	images/peppol-icon.svg
1791739969	images/po_full_matched.svg
1791739969	images/po_mismatch.svg
1791739969	images/po_no_matchable_po_lines.svg
1791739969	images/po_not_matched.svg
1791739969	images/po_over_matched.svg
1791739969	images/po_partial_matched.svg
1791739969	images/po_under_matched.svg
1791739969	images/priority_high.svg
1791739969	images/priority_low.svg
1791739969	images/priority_medium.svg
1791739969	images/quality.svg
1791739969	images/receipt.PNG
1791739969	images/recipt.PNG
1791739969	images/report_bot_avatar.png
1791739969	images/row.svg
1791739969	images/ruiz/sso.svg
1791739969	images/save.svg
1791739969	images/settings_dark.svg
1791739969	images/split_accounting.svg
1791739969	images/supplier-register.png
1791739969	images/supplier_file_loading.png
1791739969	images/supplier_register_removebg.png
1791739969	images/switchUser.png
1791739969	images/text_icon.svg
1791739969	images/trash-bin-default.svg
1791739969	images/up-arrow.svg
1791739969	images/vertex-icon.svg
1791739969	images/w9_example.png
1791739969	images/warnung-triangle.svg
1791739969	images/writing-loading.gif
1791739969	images/zugferd-icon.svg
